<?xml version="1.0"?>
<doc>
    <assembly>
        <name>Raven.Munin</name>
    </assembly>
    <members>
        <member name="M:Raven.Munin.Database.PerformIdleTasks">
            <summary>
            This method should be called when the application is idle
            It is used for book keeping tasks such as compacting the data storage file.
            </summary>
        </member>
        <member name="M:Raven.Munin.Database.Dispose">
            <summary>
            Performs application-defined tasks associated with freeing, releasing, or resetting unmanaged resources.
            </summary>
            <filterpriority>2</filterpriority>
        </member>
        <member name="T:Raven.Munin.ReadOnlyFileBasedPersistentSource">
            <summary>
            Simple read only version of the file based data.
            It is mostly meant for read only access from remote application domain.
            </summary>
        </member>
    </members>
</doc>
